XCoord,YCoord,OBJECTID,UNIQUEID,TIME
18.76594201,31.38395525,1,Hawk,2018-06-12 11:21:56.095000
